[{"reportId":"11b6eeb9-0d90-4ae8-8e7f-2abfa3ea939b","reporterId":"1b4101d5-f3fd-4599-88e5-06bd1faa957e","title":"theft","description":"i was robbed.","location":"dha","timestamp":"2025-05-28T21:05:17.762109100","status":"verified","attachments":[]},{"reportId":"bb5e829d-affa-4536-998f-a672d5d384b1","reporterId":"1b4101d5-f3fd-4599-88e5-06bd1faa957e","title":"murder","description":"i saw a murder","location":"lda","timestamp":"2025-05-28T21:16:56.240240100","status":"Case solved","attachments":[]},{"reportId":"5189ff54-a39d-412f-84d8-bffd2993aac6","reporterId":"20531764-c226-4b62-be2e-a36aae4c5a4f","title":"Accident","description":"an overspeeding bike hit my car; bike no. 896-B","location":"ichra ","timestamp":"2025-05-29T15:31:40.883548100","status":"Pending","attachments":[]}]