[{"reportId":"fa755df8-3a71-455e-91ae-2c9684beeb1a","reporterId":"114d7d1b-786d-4345-9f93-5528ce2944f3","title":"Murder","description":"i saw a murder","location":"comsats","timestamp":"2025-05-22T15:46:55.452435400","status":"Pending","attachments":[]},{"reportId":"83ce07f9-3362-4459-8f85-5dd486ee1180","reporterId":"f8cd4857-ea7b-44ef-941b-111d5d78941c","title":"Speeding","description":"i saw a bike speeding","location":"road","timestamp":"2025-05-22T16:21:01.969557300","status":"Pending","attachments":[]},{"reportId":"65281a1f-0ef5-4054-aab3-04ed7c21bd38","reporterId":"05fe4454-6432-4c6c-baeb-313db6e68f1b","title":"🚨 Emergency Alert","description":"theft","location":"User\u0027s current location (not tracked in console version)","timestamp":"2025-05-24T16:19:23.935016100","status":"Pending","attachments":[]},{"reportId":"524e5e3d-3154-45e6-9c70-881ff0e43beb","reporterId":"0fac1b38-d3d4-4b43-995c-2e78592d5c52","title":"harrasment","description":"A group of boys were chasing me.","location":"lahore dha","timestamp":"2025-05-25T14:47:05.031169600","status":"Pending","attachments":[]},{"reportId":"8aa005d3-ce17-4bec-8128-01c210f0e90e","reporterId":"e7b4126b-55b9-458e-a4ca-e57f08140078","title":"kidnapped","description":"my friend is kidnapped.","location":"bahria lahore","timestamp":"2025-05-25T15:09:46.470293700","status":"Pending","attachments":[]},{"reportId":"50be4b5b-02c5-41ab-bfe2-87c99fa36970","reporterId":"5be929a0-1b38-42fe-9f0d-076fc37d0b70","title":"attacked","description":"some men attacked me.","location":"lda","timestamp":"2025-05-25T15:17:58.534373900","status":"verified","attachments":[]},{"reportId":"18185424-ea0f-4f8b-b1d5-49e343444191","reporterId":"5b9bf4fd-e9d2-49a2-8a74-1c755de84dc3","title":"abuse","description":"neighbour abused me.","location":"ichra lahore","timestamp":"2025-05-25T16:50:13.303959900","status":"Pending","attachments":[]},{"reportId":"655ee3c6-e6a4-44c6-9dec-476e07a89510","reporterId":"7a907546-bdc1-4f63-87c2-999d2153eaf0","title":"robbery","description":"i was robbed","location":"liberty","timestamp":"2025-05-25T17:17:50.759002800","status":"Pending","attachments":[]}]